title,description,release_date
Catan,Close match with a thrilling finish,2022-04-16
Monopoly,Dominant performance by one team,2022-10-01
Catan,Dominant performance by one team,2023-11-03
Scrabble,High-scoring game with lots of offense,2021-12-27
Risk,Exciting game with lots of action,2022-11-15
Clue,Dominant performance by one team,2022-04-06
Twister,Defensive battle with few scoring opportunities,2021-12-19
Uno,Exciting game with lots of action,2023-03-06
Jenga,Close match with a thrilling finish,2022-07-22
Twister,Defensive battle with few scoring opportunities,2023-09-18
Catan,Dominant performance by one team,2022-12-24
Risk,Dominant performance by one team,2022-02-18
Catan,Exciting game with lots of action,2022-08-25
Scrabble,Exciting game with lots of action,2023-07-07
Catan,Close match with a thrilling finish,2022-09-14
Clue,Defensive battle with few scoring opportunities,2022-12-18
Poker,Exciting game with lots of action,2023-05-02
Chess,Defensive battle with few scoring opportunities,2022-10-11
Clue,Defensive battle with few scoring opportunities,2023-06-22
Risk,Close match with a thrilling finish,2023-02-04
Risk,Defensive battle with few scoring opportunities,2023-11-29
Twister,Close match with a thrilling finish,2022-11-19
Catan,Close match with a thrilling finish,2022-08-24
Catan,Close match with a thrilling finish,2023-09-17
Twister,Close match with a thrilling finish,2023-08-13
Poker,High-scoring game with lots of offense,2022-03-03
Scrabble,High-scoring game with lots of offense,2023-01-29
Risk,Exciting game with lots of action,2022-05-24
Risk,Defensive battle with few scoring opportunities,2023-01-25
Risk,Dominant performance by one team,2022-09-13
Scrabble,Exciting game with lots of action,2022-03-27
Catan,Exciting game with lots of action,2023-11-18
Chess,Dominant performance by one team,2022-02-20
Poker,Defensive battle with few scoring opportunities,2022-04-22
Risk,Dominant performance by one team,2022-10-28
Poker,Exciting game with lots of action,2022-12-29
Catan,High-scoring game with lots of offense,2023-03-18
Monopoly,Exciting game with lots of action,2022-03-28
Uno,High-scoring game with lots of offense,2023-05-26
Clue,Defensive battle with few scoring opportunities,2022-03-24
Clue,Exciting game with lots of action,2022-09-17
Catan,Defensive battle with few scoring opportunities,2022-06-21
Twister,Defensive battle with few scoring opportunities,2022-10-19
Monopoly,Close match with a thrilling finish,2023-09-06
Twister,Exciting game with lots of action,2022-01-16
Uno,Dominant performance by one team,2022-09-02
Jenga,Exciting game with lots of action,2022-12-13
Jenga,Dominant performance by one team,2022-03-10
Poker,Close match with a thrilling finish,2022-05-12
Scrabble,High-scoring game with lots of offense,2021-12-05
Clue,Dominant performance by one team,2022-11-12
Jenga,High-scoring game with lots of offense,2022-11-20
Jenga,Exciting game with lots of action,2023-03-23
Scrabble,High-scoring game with lots of offense,2023-03-29
Jenga,Dominant performance by one team,2022-11-01
Scrabble,Close match with a thrilling finish,2022-05-23
Chess,Dominant performance by one team,2023-07-17
Poker,Defensive battle with few scoring opportunities,2023-11-15
Clue,Dominant performance by one team,2022-12-04
Jenga,Close match with a thrilling finish,2023-03-30
Clue,High-scoring game with lots of offense,2022-07-08
Monopoly,Exciting game with lots of action,2022-07-25
Scrabble,Close match with a thrilling finish,2023-08-10
Scrabble,Exciting game with lots of action,2023-08-17
Twister,Defensive battle with few scoring opportunities,2023-04-14
Uno,High-scoring game with lots of offense,2022-04-14
Uno,Defensive battle with few scoring opportunities,2022-03-20
Scrabble,Dominant performance by one team,2023-04-18
Jenga,Close match with a thrilling finish,2023-11-09
Catan,Dominant performance by one team,2023-08-24
Chess,Defensive battle with few scoring opportunities,2023-09-29
Chess,Exciting game with lots of action,2022-11-01
Risk,Exciting game with lots of action,2023-05-16
Poker,Dominant performance by one team,2022-08-08
Chess,Dominant performance by one team,2022-12-29
Jenga,Defensive battle with few scoring opportunities,2022-12-24
Uno,High-scoring game with lots of offense,2023-03-23
Twister,Dominant performance by one team,2022-01-21
Chess,High-scoring game with lots of offense,2022-01-26
Risk,Defensive battle with few scoring opportunities,2023-05-18
Uno,Dominant performance by one team,2023-11-15
Risk,Close match with a thrilling finish,2022-12-02
Chess,Defensive battle with few scoring opportunities,2023-08-01
Twister,Close match with a thrilling finish,2023-08-11
Clue,Close match with a thrilling finish,2023-11-09
Catan,Defensive battle with few scoring opportunities,2022-05-01
Poker,Close match with a thrilling finish,2022-10-17
Poker,Exciting game with lots of action,2023-08-26
Twister,Dominant performance by one team,2023-09-20
Catan,High-scoring game with lots of offense,2023-02-22
Poker,Exciting game with lots of action,2022-08-18
Uno,Defensive battle with few scoring opportunities,2022-05-30
Clue,High-scoring game with lots of offense,2023-10-18
Uno,Dominant performance by one team,2023-08-04
Twister,Exciting game with lots of action,2023-11-03
Twister,Exciting game with lots of action,2023-10-12
Clue,Dominant performance by one team,2023-10-21
Risk,High-scoring game with lots of offense,2022-12-16
Poker,High-scoring game with lots of offense,2022-10-02
Poker,Defensive battle with few scoring opportunities,2022-11-19
Risk,Dominant performance by one team,2023-03-07
Scrabble,Close match with a thrilling finish,2023-03-13
Chess,Exciting game with lots of action,2023-05-20
Catan,Close match with a thrilling finish,2022-02-13
Monopoly,Exciting game with lots of action,2023-03-01
Uno,Defensive battle with few scoring opportunities,2022-10-18
Poker,Dominant performance by one team,2022-04-24
Poker,Dominant performance by one team,2022-04-24
Twister,Dominant performance by one team,2022-12-11
Uno,Close match with a thrilling finish,2023-09-05
Scrabble,Close match with a thrilling finish,2022-04-15
Chess,Exciting game with lots of action,2021-12-03
Chess,Close match with a thrilling finish,2021-12-13
Catan,Defensive battle with few scoring opportunities,2023-05-15
Chess,Dominant performance by one team,2023-10-30
Clue,High-scoring game with lots of offense,2022-10-06
Catan,High-scoring game with lots of offense,2023-09-11
Poker,Close match with a thrilling finish,2023-08-27
Jenga,Dominant performance by one team,2023-10-10
Twister,High-scoring game with lots of offense,2022-06-19
Monopoly,Close match with a thrilling finish,2022-12-12
Poker,Close match with a thrilling finish,2022-11-04
Scrabble,Dominant performance by one team,2023-06-04
Twister,Exciting game with lots of action,2023-04-28
Uno,Dominant performance by one team,2023-08-28
Risk,High-scoring game with lots of offense,2022-05-13
Scrabble,Dominant performance by one team,2022-05-31
Jenga,Close match with a thrilling finish,2022-10-19
Risk,Exciting game with lots of action,2022-12-07
Catan,Close match with a thrilling finish,2023-10-12
Uno,High-scoring game with lots of offense,2022-10-14
Clue,Close match with a thrilling finish,2023-10-18
Uno,Defensive battle with few scoring opportunities,2022-05-09
Scrabble,Defensive battle with few scoring opportunities,2021-12-04
Jenga,High-scoring game with lots of offense,2023-06-19
Poker,Close match with a thrilling finish,2023-08-01
Twister,Close match with a thrilling finish,2022-04-13
Risk,High-scoring game with lots of offense,2022-12-21
Chess,Close match with a thrilling finish,2023-06-18
Uno,Exciting game with lots of action,2022-01-13
Scrabble,Defensive battle with few scoring opportunities,2022-03-23
Monopoly,Exciting game with lots of action,2023-06-26
Catan,Exciting game with lots of action,2022-01-07
Catan,Close match with a thrilling finish,2023-07-20
Uno,Close match with a thrilling finish,2023-10-29
Uno,Close match with a thrilling finish,2022-12-14
Clue,Defensive battle with few scoring opportunities,2023-10-17
Catan,Dominant performance by one team,2023-07-03
Clue,Defensive battle with few scoring opportunities,2023-02-24
Poker,High-scoring game with lots of offense,2023-06-28
Jenga,Exciting game with lots of action,2023-10-24
Clue,Defensive battle with few scoring opportunities,2023-03-14
Scrabble,Dominant performance by one team,2022-11-24
Monopoly,Close match with a thrilling finish,2022-03-15
Uno,High-scoring game with lots of offense,2022-08-26
Chess,Defensive battle with few scoring opportunities,2023-09-14
Clue,Exciting game with lots of action,2022-07-30
Uno,Defensive battle with few scoring opportunities,2022-05-20
Monopoly,Defensive battle with few scoring opportunities,2022-11-03
Uno,Defensive battle with few scoring opportunities,2023-01-23
Catan,Close match with a thrilling finish,2022-04-04
Monopoly,High-scoring game with lots of offense,2022-01-05
Poker,Exciting game with lots of action,2022-02-26
Poker,Exciting game with lots of action,2022-07-10
Monopoly,Dominant performance by one team,2023-06-30
Chess,High-scoring game with lots of offense,2023-08-26
Twister,Defensive battle with few scoring opportunities,2023-10-11
Twister,Defensive battle with few scoring opportunities,2021-12-23
Catan,Dominant performance by one team,2022-03-30
Jenga,High-scoring game with lots of offense,2022-03-20
Jenga,Dominant performance by one team,2021-12-31
Risk,Close match with a thrilling finish,2022-05-02
Uno,Close match with a thrilling finish,2022-11-24
Scrabble,Close match with a thrilling finish,2023-06-20
Chess,Close match with a thrilling finish,2023-07-31
Jenga,Defensive battle with few scoring opportunities,2022-04-27
Jenga,Close match with a thrilling finish,2023-03-29
Twister,High-scoring game with lots of offense,2022-10-04
Risk,High-scoring game with lots of offense,2022-11-25
Monopoly,Close match with a thrilling finish,2022-09-03
Uno,Close match with a thrilling finish,2022-02-02
Jenga,Exciting game with lots of action,2023-10-21
Scrabble,Dominant performance by one team,2023-05-28
Clue,High-scoring game with lots of offense,2023-01-11
Scrabble,Defensive battle with few scoring opportunities,2022-07-05
Monopoly,Exciting game with lots of action,2023-08-18
Uno,Exciting game with lots of action,2022-11-02
Poker,Exciting game with lots of action,2022-05-05
Monopoly,High-scoring game with lots of offense,2023-05-15
Uno,Defensive battle with few scoring opportunities,2022-10-04
Monopoly,Exciting game with lots of action,2022-02-14
Twister,Close match with a thrilling finish,2022-08-25
Twister,High-scoring game with lots of offense,2023-08-06
Uno,Dominant performance by one team,2023-11-29
Scrabble,Defensive battle with few scoring opportunities,2023-07-08
Uno,Exciting game with lots of action,2023-01-02
Catan,Exciting game with lots of action,2022-05-16
Uno,High-scoring game with lots of offense,2022-03-14
Scrabble,Close match with a thrilling finish,2022-10-21
Clue,Dominant performance by one team,2022-11-21
Risk,Defensive battle with few scoring opportunities,2023-07-22
Chess,Defensive battle with few scoring opportunities,2022-12-23
Jenga,Dominant performance by one team,2023-06-04
Risk,Dominant performance by one team,2023-05-23
Poker,High-scoring game with lots of offense,2023-10-10
Uno,Exciting game with lots of action,2023-05-13
Scrabble,High-scoring game with lots of offense,2022-02-25
Catan,Defensive battle with few scoring opportunities,2023-10-19
Scrabble,Dominant performance by one team,2023-10-09
Risk,Exciting game with lots of action,2023-10-28
Scrabble,High-scoring game with lots of offense,2023-10-16
Catan,Exciting game with lots of action,2022-06-06
Catan,High-scoring game with lots of offense,2022-02-17
Clue,Close match with a thrilling finish,2022-11-17
Clue,High-scoring game with lots of offense,2023-02-04
Chess,Defensive battle with few scoring opportunities,2023-03-03
Monopoly,Dominant performance by one team,2022-07-16
Poker,Close match with a thrilling finish,2022-09-26
Scrabble,Exciting game with lots of action,2023-03-28
Twister,Exciting game with lots of action,2022-05-04
Risk,High-scoring game with lots of offense,2022-01-23
Scrabble,Defensive battle with few scoring opportunities,2022-07-14
Risk,Defensive battle with few scoring opportunities,2023-05-07
Risk,Close match with a thrilling finish,2022-03-08
Chess,Dominant performance by one team,2023-01-28
Poker,Close match with a thrilling finish,2022-10-08
Catan,High-scoring game with lots of offense,2022-12-09
Uno,Defensive battle with few scoring opportunities,2022-01-13
Clue,Dominant performance by one team,2023-05-10
Scrabble,Exciting game with lots of action,2022-04-11
Jenga,Defensive battle with few scoring opportunities,2023-09-26
Risk,Dominant performance by one team,2022-04-24
Uno,Dominant performance by one team,2022-04-15
Monopoly,Defensive battle with few scoring opportunities,2022-10-03
Monopoly,Defensive battle with few scoring opportunities,2022-04-01
Clue,Exciting game with lots of action,2022-01-02
Risk,Close match with a thrilling finish,2022-04-03
Monopoly,Exciting game with lots of action,2023-10-15
Risk,Exciting game with lots of action,2022-11-25
Jenga,High-scoring game with lots of offense,2022-12-06
Jenga,Exciting game with lots of action,2023-11-06
Uno,Close match with a thrilling finish,2022-07-01
Uno,Exciting game with lots of action,2022-08-11
Poker,Defensive battle with few scoring opportunities,2022-07-24
Uno,Exciting game with lots of action,2023-01-24
Risk,Defensive battle with few scoring opportunities,2022-02-22
Chess,Exciting game with lots of action,2023-07-01
Clue,Dominant performance by one team,2023-03-31
Poker,High-scoring game with lots of offense,2022-07-08
Risk,Exciting game with lots of action,2023-01-23
Clue,Close match with a thrilling finish,2022-03-17
Chess,Exciting game with lots of action,2023-06-13
Jenga,Dominant performance by one team,2022-09-28
Scrabble,Dominant performance by one team,2023-03-23
Catan,Close match with a thrilling finish,2023-03-18
Scrabble,Defensive battle with few scoring opportunities,2022-07-13
Chess,Exciting game with lots of action,2023-03-15
Jenga,High-scoring game with lots of offense,2023-11-17
Uno,Exciting game with lots of action,2022-05-22
Catan,Defensive battle with few scoring opportunities,2022-02-01
Risk,Defensive battle with few scoring opportunities,2022-06-04
Catan,Close match with a thrilling finish,2023-05-27
Monopoly,High-scoring game with lots of offense,2022-09-19
Clue,Defensive battle with few scoring opportunities,2022-12-10
Scrabble,Defensive battle with few scoring opportunities,2022-07-10
Catan,High-scoring game with lots of offense,2022-08-12
Jenga,Close match with a thrilling finish,2023-05-31
Catan,Exciting game with lots of action,2023-06-27
Clue,Defensive battle with few scoring opportunities,2021-12-21
Monopoly,Exciting game with lots of action,2023-06-17
Risk,Close match with a thrilling finish,2021-12-05
Uno,High-scoring game with lots of offense,2021-12-08
Monopoly,Dominant performance by one team,2022-11-15
Risk,Dominant performance by one team,2023-03-28
Scrabble,Dominant performance by one team,2022-09-19
Jenga,High-scoring game with lots of offense,2022-06-22
Clue,Close match with a thrilling finish,2023-06-09
Scrabble,Exciting game with lots of action,2022-03-29
Jenga,Dominant performance by one team,2022-07-16
Risk,Close match with a thrilling finish,2023-05-01
Risk,Dominant performance by one team,2022-01-25
Risk,Close match with a thrilling finish,2022-04-30
Monopoly,Close match with a thrilling finish,2022-10-21
Clue,Dominant performance by one team,2023-05-21
Monopoly,Dominant performance by one team,2023-02-11
Chess,High-scoring game with lots of offense,2022-08-31
Catan,Exciting game with lots of action,2023-08-02
Clue,Dominant performance by one team,2023-10-28
Catan,Close match with a thrilling finish,2023-03-22
Risk,Defensive battle with few scoring opportunities,2022-02-09
Chess,High-scoring game with lots of offense,2022-10-23
Catan,Close match with a thrilling finish,2022-10-30
Monopoly,Defensive battle with few scoring opportunities,2023-03-31
Jenga,Defensive battle with few scoring opportunities,2022-03-10
Scrabble,High-scoring game with lots of offense,2022-02-05
Uno,Dominant performance by one team,2023-06-28
Clue,Defensive battle with few scoring opportunities,2021-12-12
Monopoly,Exciting game with lots of action,2023-11-05
Jenga,Exciting game with lots of action,2022-01-30
Poker,Defensive battle with few scoring opportunities,2022-06-24
Uno,Dominant performance by one team,2022-12-29
Monopoly,Close match with a thrilling finish,2023-11-25
Jenga,High-scoring game with lots of offense,2022-05-24
Monopoly,Close match with a thrilling finish,2023-11-09
Poker,Defensive battle with few scoring opportunities,2022-03-08
Twister,Exciting game with lots of action,2022-06-15
Chess,Close match with a thrilling finish,2023-03-18
Poker,Exciting game with lots of action,2022-06-29
Catan,Exciting game with lots of action,2023-10-25
Catan,Defensive battle with few scoring opportunities,2021-12-11
Twister,Defensive battle with few scoring opportunities,2023-08-21
Uno,High-scoring game with lots of offense,2022-07-08
Uno,High-scoring game with lots of offense,2023-03-04
Poker,Close match with a thrilling finish,2022-08-15
Scrabble,Dominant performance by one team,2022-03-21
Uno,Close match with a thrilling finish,2022-07-18
Chess,Defensive battle with few scoring opportunities,2023-09-10
Jenga,Exciting game with lots of action,2022-10-26
Monopoly,Defensive battle with few scoring opportunities,2023-08-07
Scrabble,Exciting game with lots of action,2022-01-27
Uno,High-scoring game with lots of offense,2023-11-29
Scrabble,Close match with a thrilling finish,2023-08-10
Chess,Close match with a thrilling finish,2021-12-05
Poker,Close match with a thrilling finish,2022-08-07
Risk,Defensive battle with few scoring opportunities,2022-02-28
Risk,Dominant performance by one team,2023-02-28
Scrabble,Exciting game with lots of action,2022-10-12
Twister,Defensive battle with few scoring opportunities,2022-02-18
Risk,Exciting game with lots of action,2022-08-17
Scrabble,Close match with a thrilling finish,2022-09-20
Uno,Close match with a thrilling finish,2023-05-10
Scrabble,High-scoring game with lots of offense,2022-01-30
Poker,High-scoring game with lots of offense,2023-09-01
Uno,Dominant performance by one team,2022-01-08
Poker,High-scoring game with lots of offense,2023-07-21
Chess,Close match with a thrilling finish,2022-03-27
Risk,Defensive battle with few scoring opportunities,2022-10-11
Scrabble,Close match with a thrilling finish,2022-08-30
Uno,High-scoring game with lots of offense,2023-08-25
Catan,High-scoring game with lots of offense,2022-08-27
Scrabble,Dominant performance by one team,2022-03-29
Clue,Dominant performance by one team,2022-05-02
Scrabble,High-scoring game with lots of offense,2022-07-24
Jenga,Dominant performance by one team,2022-03-13
Chess,Dominant performance by one team,2022-07-01
Monopoly,Dominant performance by one team,2022-01-22
Twister,Dominant performance by one team,2023-01-26
Uno,Dominant performance by one team,2022-06-05
Scrabble,Defensive battle with few scoring opportunities,2022-06-29
Poker,Exciting game with lots of action,2023-01-19
Scrabble,Exciting game with lots of action,2023-02-12
Monopoly,Defensive battle with few scoring opportunities,2022-07-04
Twister,Close match with a thrilling finish,2023-10-11
Catan,Close match with a thrilling finish,2023-10-07
Uno,High-scoring game with lots of offense,2022-05-19
Poker,Exciting game with lots of action,2022-04-13
Risk,Close match with a thrilling finish,2022-01-30
Poker,Dominant performance by one team,2022-12-18
Chess,Exciting game with lots of action,2023-02-12
Poker,Dominant performance by one team,2023-10-25
Clue,High-scoring game with lots of offense,2023-09-25
Clue,Exciting game with lots of action,2023-01-28
Catan,Defensive battle with few scoring opportunities,2023-11-05
Uno,Dominant performance by one team,2021-12-29
Chess,Exciting game with lots of action,2022-08-24
Jenga,Defensive battle with few scoring opportunities,2022-07-05
Catan,Dominant performance by one team,2023-08-24
Chess,Close match with a thrilling finish,2023-06-06
Risk,High-scoring game with lots of offense,2023-03-22
Uno,Close match with a thrilling finish,2023-05-09
Twister,High-scoring game with lots of offense,2023-02-04
Monopoly,High-scoring game with lots of offense,2023-02-11
Chess,Defensive battle with few scoring opportunities,2023-04-11
Chess,High-scoring game with lots of offense,2022-12-30
Jenga,Close match with a thrilling finish,2022-07-06
Catan,High-scoring game with lots of offense,2023-04-09
Clue,Dominant performance by one team,2023-02-06
Jenga,Exciting game with lots of action,2023-06-18
Jenga,Exciting game with lots of action,2022-11-27
Catan,Exciting game with lots of action,2022-04-18
Risk,Dominant performance by one team,2023-08-14
Monopoly,High-scoring game with lots of offense,2022-04-20
Poker,High-scoring game with lots of offense,2022-06-09
Clue,Close match with a thrilling finish,2021-12-17
Chess,Dominant performance by one team,2023-11-29
Monopoly,Defensive battle with few scoring opportunities,2023-08-14
Risk,Close match with a thrilling finish,2022-10-30
Twister,Close match with a thrilling finish,2022-01-28
Twister,Dominant performance by one team,2022-02-04
Poker,Defensive battle with few scoring opportunities,2023-10-28
Catan,Dominant performance by one team,2023-11-06
Catan,Close match with a thrilling finish,2023-03-27
Catan,Defensive battle with few scoring opportunities,2022-02-24
Jenga,Defensive battle with few scoring opportunities,2023-04-25
Clue,Defensive battle with few scoring opportunities,2023-08-14
Chess,High-scoring game with lots of offense,2022-03-31
Catan,Close match with a thrilling finish,2023-11-24
Catan,Defensive battle with few scoring opportunities,2023-06-25
Twister,High-scoring game with lots of offense,2022-09-05
Catan,Close match with a thrilling finish,2023-09-11
Clue,High-scoring game with lots of offense,2022-08-02
Chess,Dominant performance by one team,2022-02-09
Chess,Exciting game with lots of action,2022-03-07
Clue,Dominant performance by one team,2023-05-01
Catan,Defensive battle with few scoring opportunities,2022-03-10
Monopoly,High-scoring game with lots of offense,2023-01-20
Clue,High-scoring game with lots of offense,2023-11-12
Catan,Dominant performance by one team,2022-10-03
Chess,High-scoring game with lots of offense,2022-12-24
Catan,Close match with a thrilling finish,2023-04-12
Risk,High-scoring game with lots of offense,2023-01-17
Twister,Dominant performance by one team,2021-12-24
Chess,Defensive battle with few scoring opportunities,2022-03-25
Clue,Defensive battle with few scoring opportunities,2023-10-14
Monopoly,High-scoring game with lots of offense,2022-03-31
Scrabble,Close match with a thrilling finish,2022-02-04
Monopoly,High-scoring game with lots of offense,2022-08-09
Twister,Defensive battle with few scoring opportunities,2022-01-31
Jenga,High-scoring game with lots of offense,2023-03-07
Risk,Close match with a thrilling finish,2023-06-11
Chess,Exciting game with lots of action,2022-11-04
Monopoly,Close match with a thrilling finish,2022-04-03
Uno,Close match with a thrilling finish,2022-09-02
Poker,Exciting game with lots of action,2022-05-08
Risk,Defensive battle with few scoring opportunities,2022-05-30
Jenga,Exciting game with lots of action,2022-06-01
Chess,Defensive battle with few scoring opportunities,2022-06-03
Risk,Defensive battle with few scoring opportunities,2023-06-29
Scrabble,High-scoring game with lots of offense,2022-01-24
Uno,High-scoring game with lots of offense,2022-05-11
Twister,Exciting game with lots of action,2023-03-24
Risk,Defensive battle with few scoring opportunities,2023-04-23
Chess,Exciting game with lots of action,2022-12-19
Uno,High-scoring game with lots of offense,2022-08-04
Twister,Dominant performance by one team,2022-07-31
Jenga,High-scoring game with lots of offense,2021-12-28
Jenga,Close match with a thrilling finish,2022-07-07
Risk,Close match with a thrilling finish,2021-12-26
Chess,Defensive battle with few scoring opportunities,2023-07-25
Catan,High-scoring game with lots of offense,2022-04-13
Scrabble,Defensive battle with few scoring opportunities,2023-07-08
Catan,High-scoring game with lots of offense,2023-06-15
Poker,Exciting game with lots of action,2022-09-05
Risk,Close match with a thrilling finish,2023-10-14
Poker,Dominant performance by one team,2023-08-17
Uno,Exciting game with lots of action,2022-08-17
Scrabble,Dominant performance by one team,2022-08-09
Uno,High-scoring game with lots of offense,2022-09-12
Risk,Exciting game with lots of action,2022-12-10
Twister,High-scoring game with lots of offense,2023-05-09
Chess,Close match with a thrilling finish,2022-06-02
Twister,Exciting game with lots of action,2022-11-30
Poker,Defensive battle with few scoring opportunities,2023-01-06
Catan,Defensive battle with few scoring opportunities,2023-08-28
Twister,Dominant performance by one team,2023-10-06
Chess,Exciting game with lots of action,2023-07-18
Scrabble,Exciting game with lots of action,2023-05-26
Jenga,High-scoring game with lots of offense,2022-11-08
Twister,Close match with a thrilling finish,2022-12-25
Chess,Defensive battle with few scoring opportunities,2022-04-19
Poker,High-scoring game with lots of offense,2023-08-09
Chess,Exciting game with lots of action,2022-07-02
Catan,Close match with a thrilling finish,2023-11-10
Scrabble,High-scoring game with lots of offense,2022-12-15
Monopoly,Close match with a thrilling finish,2022-02-08
Jenga,Close match with a thrilling finish,2022-01-12
Scrabble,Exciting game with lots of action,2022-05-07
Twister,High-scoring game with lots of offense,2022-09-26
Monopoly,Exciting game with lots of action,2022-03-02
Poker,High-scoring game with lots of offense,2022-12-26
Poker,Defensive battle with few scoring opportunities,2022-10-01
Uno,Defensive battle with few scoring opportunities,2022-06-29
Risk,High-scoring game with lots of offense,2022-11-08
Scrabble,Defensive battle with few scoring opportunities,2023-03-31
Risk,High-scoring game with lots of offense,2023-06-30
Clue,Close match with a thrilling finish,2022-05-10
Uno,Dominant performance by one team,2022-07-06
Chess,Dominant performance by one team,2022-04-09
Chess,Close match with a thrilling finish,2023-08-11
Uno,Exciting game with lots of action,2021-12-05
Chess,High-scoring game with lots of offense,2022-12-22
Poker,Exciting game with lots of action,2023-06-12
Poker,Dominant performance by one team,2022-07-14
Risk,Defensive battle with few scoring opportunities,2023-05-11
Risk,Close match with a thrilling finish,2023-07-14
Monopoly,Dominant performance by one team,2022-04-08
Risk,Exciting game with lots of action,2023-07-18
Risk,Defensive battle with few scoring opportunities,2022-06-22
Scrabble,Close match with a thrilling finish,2022-10-30
Scrabble,Exciting game with lots of action,2023-06-15
Clue,Dominant performance by one team,2023-05-01
Scrabble,Close match with a thrilling finish,2023-08-31
Poker,Exciting game with lots of action,2022-08-08
Poker,Exciting game with lots of action,2023-06-20
Jenga,Exciting game with lots of action,2022-12-09
Poker,Exciting game with lots of action,2022-05-29
Clue,Exciting game with lots of action,2022-07-27
Poker,High-scoring game with lots of offense,2022-08-28
Clue,Close match with a thrilling finish,2023-08-18
Clue,High-scoring game with lots of offense,2023-10-15
Jenga,Defensive battle with few scoring opportunities,2022-03-02
Jenga,Exciting game with lots of action,2022-04-26
Uno,Close match with a thrilling finish,2021-12-09
Twister,Defensive battle with few scoring opportunities,2022-03-18
Clue,Exciting game with lots of action,2022-06-25
Uno,Defensive battle with few scoring opportunities,2023-10-25
Poker,Exciting game with lots of action,2022-12-26
Scrabble,Close match with a thrilling finish,2023-06-09
Scrabble,Close match with a thrilling finish,2022-01-05
Twister,Dominant performance by one team,2023-10-05
Monopoly,Exciting game with lots of action,2021-12-01
Uno,Exciting game with lots of action,2023-09-14
Monopoly,Close match with a thrilling finish,2022-06-02
Risk,High-scoring game with lots of offense,2023-11-29
Poker,Close match with a thrilling finish,2022-02-04
Jenga,Close match with a thrilling finish,2023-05-06
Monopoly,High-scoring game with lots of offense,2023-10-15
Catan,Dominant performance by one team,2023-11-26
Poker,Exciting game with lots of action,2023-08-27
Monopoly,Close match with a thrilling finish,2023-04-08
Poker,Exciting game with lots of action,2022-11-24
Twister,High-scoring game with lots of offense,2023-04-03
Twister,High-scoring game with lots of offense,2022-05-28
Chess,Dominant performance by one team,2023-06-15
Catan,Dominant performance by one team,2023-06-14
Jenga,Defensive battle with few scoring opportunities,2023-11-02
Twister,Close match with a thrilling finish,2023-04-20
Catan,High-scoring game with lots of offense,2023-03-12
Twister,High-scoring game with lots of offense,2023-01-06
Risk,High-scoring game with lots of offense,2022-05-30
Clue,Close match with a thrilling finish,2022-06-07
Chess,Defensive battle with few scoring opportunities,2022-10-16
Risk,High-scoring game with lots of offense,2022-02-27
Risk,Exciting game with lots of action,2022-05-31
Risk,Close match with a thrilling finish,2023-06-18
Risk,High-scoring game with lots of offense,2022-05-05
Chess,Dominant performance by one team,2022-04-15
Jenga,High-scoring game with lots of offense,2023-05-29
Clue,High-scoring game with lots of offense,2023-03-06
Jenga,High-scoring game with lots of offense,2022-11-07
Clue,High-scoring game with lots of offense,2023-04-05
Chess,High-scoring game with lots of offense,2023-02-18
Monopoly,High-scoring game with lots of offense,2022-03-12
Clue,Dominant performance by one team,2022-10-30
Uno,Exciting game with lots of action,2022-08-18
Uno,Defensive battle with few scoring opportunities,2023-07-11
Uno,High-scoring game with lots of offense,2022-12-20
Clue,Exciting game with lots of action,2023-02-15
Risk,High-scoring game with lots of offense,2023-04-01
Twister,Defensive battle with few scoring opportunities,2022-12-29
Chess,Close match with a thrilling finish,2023-01-07
Twister,Exciting game with lots of action,2023-02-09
Twister,Dominant performance by one team,2022-05-08
Uno,Dominant performance by one team,2023-06-22
Clue,Defensive battle with few scoring opportunities,2022-08-20
Jenga,Exciting game with lots of action,2022-03-12
Uno,Defensive battle with few scoring opportunities,2023-06-19
Jenga,Exciting game with lots of action,2022-03-17
Catan,Exciting game with lots of action,2023-02-14
Chess,High-scoring game with lots of offense,2022-09-04
Chess,Defensive battle with few scoring opportunities,2023-02-21
Risk,Exciting game with lots of action,2023-10-21
Poker,High-scoring game with lots of offense,2022-12-24
Jenga,Defensive battle with few scoring opportunities,2022-12-23
Risk,High-scoring game with lots of offense,2022-07-30
Twister,Close match with a thrilling finish,2022-03-26
Poker,High-scoring game with lots of offense,2023-06-10
Scrabble,Defensive battle with few scoring opportunities,2022-09-16
Jenga,Defensive battle with few scoring opportunities,2022-08-19
Uno,Dominant performance by one team,2023-11-26
Risk,Exciting game with lots of action,2023-07-07
Catan,Close match with a thrilling finish,2022-08-25
Clue,Exciting game with lots of action,2022-03-28
Risk,Defensive battle with few scoring opportunities,2022-04-29
Jenga,Close match with a thrilling finish,2023-03-25
Uno,Exciting game with lots of action,2022-04-23
Catan,Close match with a thrilling finish,2022-02-01
Jenga,Exciting game with lots of action,2021-12-26
Uno,High-scoring game with lots of offense,2022-05-26
Uno,Defensive battle with few scoring opportunities,2023-08-01
Clue,Defensive battle with few scoring opportunities,2023-09-13
Chess,High-scoring game with lots of offense,2022-03-31
Monopoly,Dominant performance by one team,2022-04-29
Monopoly,Dominant performance by one team,2022-03-02
Risk,Exciting game with lots of action,2022-12-06
Chess,Exciting game with lots of action,2023-03-19
Monopoly,Defensive battle with few scoring opportunities,2022-10-14
Poker,High-scoring game with lots of offense,2023-08-14
Jenga,Dominant performance by one team,2023-06-13
Poker,Dominant performance by one team,2023-03-06
Chess,Defensive battle with few scoring opportunities,2022-02-12
Risk,High-scoring game with lots of offense,2022-11-08
Risk,High-scoring game with lots of offense,2022-10-25
Risk,Dominant performance by one team,2023-06-25
Twister,High-scoring game with lots of offense,2022-07-20
Uno,Close match with a thrilling finish,2022-02-12
Chess,Close match with a thrilling finish,2022-08-08
Catan,Defensive battle with few scoring opportunities,2022-10-10
Chess,Close match with a thrilling finish,2022-12-08
Catan,Exciting game with lots of action,2023-06-27
Catan,Exciting game with lots of action,2023-11-14
Catan,High-scoring game with lots of offense,2022-04-11
Risk,Defensive battle with few scoring opportunities,2023-10-07
Monopoly,Exciting game with lots of action,2022-09-15
Poker,Defensive battle with few scoring opportunities,2023-09-15
Poker,Close match with a thrilling finish,2022-09-25
Chess,Defensive battle with few scoring opportunities,2022-01-03
Clue,Defensive battle with few scoring opportunities,2022-07-15
Uno,Exciting game with lots of action,2023-05-09
Chess,High-scoring game with lots of offense,2023-02-12
Poker,Exciting game with lots of action,2023-11-25
Uno,High-scoring game with lots of offense,2023-02-06
Twister,High-scoring game with lots of offense,2021-12-05
Risk,Exciting game with lots of action,2023-04-26
Jenga,Exciting game with lots of action,2023-08-16
Poker,Close match with a thrilling finish,2021-12-07
Catan,Defensive battle with few scoring opportunities,2022-09-05
Monopoly,High-scoring game with lots of offense,2022-07-16
Monopoly,Dominant performance by one team,2023-10-20
Clue,Close match with a thrilling finish,2022-02-28
Poker,Defensive battle with few scoring opportunities,2023-09-22
Poker,Close match with a thrilling finish,2023-03-26
Uno,Dominant performance by one team,2023-04-30
Scrabble,Close match with a thrilling finish,2023-08-18
Poker,Dominant performance by one team,2022-10-05
Jenga,Exciting game with lots of action,2022-10-24
Jenga,Close match with a thrilling finish,2022-08-18
Uno,Dominant performance by one team,2023-05-11
Risk,Dominant performance by one team,2023-10-04
Twister,Close match with a thrilling finish,2022-05-07
Scrabble,Defensive battle with few scoring opportunities,2022-09-20
Scrabble,High-scoring game with lots of offense,2023-09-28
Jenga,Exciting game with lots of action,2022-11-18
Catan,Dominant performance by one team,2023-08-24
Monopoly,Dominant performance by one team,2021-12-09
Uno,Dominant performance by one team,2023-07-15
Monopoly,High-scoring game with lots of offense,2022-09-11
Scrabble,Dominant performance by one team,2022-06-12
Uno,High-scoring game with lots of offense,2022-02-09
Jenga,Dominant performance by one team,2022-12-10
Scrabble,Dominant performance by one team,2023-06-23
Scrabble,High-scoring game with lots of offense,2023-02-09
Scrabble,High-scoring game with lots of offense,2022-07-01
Poker,Close match with a thrilling finish,2022-05-22
Scrabble,High-scoring game with lots of offense,2023-05-13
Scrabble,High-scoring game with lots of offense,2022-09-24
Jenga,Defensive battle with few scoring opportunities,2022-03-15
Chess,Dominant performance by one team,2023-09-25
Risk,High-scoring game with lots of offense,2023-05-05
Jenga,High-scoring game with lots of offense,2022-10-30
Clue,High-scoring game with lots of offense,2023-11-30
Monopoly,Exciting game with lots of action,2023-01-22
Clue,Close match with a thrilling finish,2023-09-28
Monopoly,Dominant performance by one team,2022-10-02
Scrabble,Exciting game with lots of action,2022-01-11
Risk,Defensive battle with few scoring opportunities,2022-11-05
Poker,Close match with a thrilling finish,2022-02-13
Poker,Dominant performance by one team,2023-06-22
Clue,Exciting game with lots of action,2023-04-02
Risk,High-scoring game with lots of offense,2022-07-26
Monopoly,High-scoring game with lots of offense,2022-02-26
Clue,Dominant performance by one team,2023-07-22
Scrabble,High-scoring game with lots of offense,2023-07-01
Chess,Defensive battle with few scoring opportunities,2022-12-15
Catan,Dominant performance by one team,2022-03-30
Uno,High-scoring game with lots of offense,2023-11-21
Twister,Close match with a thrilling finish,2023-05-13
Poker,Exciting game with lots of action,2023-08-11
Chess,Exciting game with lots of action,2023-05-08
Twister,Dominant performance by one team,2022-11-23
Scrabble,High-scoring game with lots of offense,2023-01-11
Scrabble,Defensive battle with few scoring opportunities,2023-08-23
Risk,Close match with a thrilling finish,2023-11-05
Scrabble,Dominant performance by one team,2022-02-03
Scrabble,Exciting game with lots of action,2022-01-31
Chess,Defensive battle with few scoring opportunities,2022-05-10
Chess,Defensive battle with few scoring opportunities,2022-09-11
Scrabble,Defensive battle with few scoring opportunities,2022-04-15
Poker,Defensive battle with few scoring opportunities,2022-12-06
Clue,Close match with a thrilling finish,2023-07-04
Twister,Exciting game with lots of action,2023-01-22
Uno,Dominant performance by one team,2022-10-12
Catan,Defensive battle with few scoring opportunities,2023-01-22
Catan,Dominant performance by one team,2023-01-13
Chess,Exciting game with lots of action,2023-11-05
Scrabble,Defensive battle with few scoring opportunities,2022-02-21
Risk,Dominant performance by one team,2023-09-08
Twister,High-scoring game with lots of offense,2023-10-11
Jenga,Defensive battle with few scoring opportunities,2022-06-01
Monopoly,Exciting game with lots of action,2022-08-21
Scrabble,Defensive battle with few scoring opportunities,2022-10-04
Chess,Exciting game with lots of action,2023-01-11
Catan,Dominant performance by one team,2023-06-12
Poker,Close match with a thrilling finish,2022-07-03
Risk,Defensive battle with few scoring opportunities,2021-12-08
Chess,High-scoring game with lots of offense,2022-12-31
Scrabble,Defensive battle with few scoring opportunities,2022-01-25
Uno,Exciting game with lots of action,2023-01-27
Catan,Exciting game with lots of action,2023-06-06
Clue,High-scoring game with lots of offense,2022-03-14
Risk,Exciting game with lots of action,2023-09-28
Jenga,Close match with a thrilling finish,2023-07-19
Twister,Exciting game with lots of action,2022-12-23
Catan,Close match with a thrilling finish,2022-08-28
Jenga,Dominant performance by one team,2021-12-27
Monopoly,Exciting game with lots of action,2022-04-27
Monopoly,Dominant performance by one team,2022-09-05
Uno,Dominant performance by one team,2022-08-12
Clue,Dominant performance by one team,2023-08-20
Twister,Exciting game with lots of action,2022-11-08
Catan,High-scoring game with lots of offense,2023-08-15
Twister,Defensive battle with few scoring opportunities,2022-10-09
Monopoly,Close match with a thrilling finish,2022-02-01
Chess,High-scoring game with lots of offense,2023-03-24
Catan,Dominant performance by one team,2022-12-10
Jenga,Close match with a thrilling finish,2021-12-04
Scrabble,Defensive battle with few scoring opportunities,2022-04-12
Monopoly,Close match with a thrilling finish,2022-10-31
Poker,Exciting game with lots of action,2022-05-20
Uno,Close match with a thrilling finish,2023-10-04
Clue,High-scoring game with lots of offense,2023-02-14
Twister,Dominant performance by one team,2023-03-04
Chess,High-scoring game with lots of offense,2022-05-11
Uno,Close match with a thrilling finish,2023-11-13
Monopoly,Exciting game with lots of action,2022-05-26
Poker,High-scoring game with lots of offense,2023-05-01
Risk,Defensive battle with few scoring opportunities,2023-09-16
Uno,High-scoring game with lots of offense,2022-07-30
Uno,Dominant performance by one team,2022-01-31
Catan,High-scoring game with lots of offense,2022-06-07
Chess,Defensive battle with few scoring opportunities,2022-04-05
Scrabble,Exciting game with lots of action,2023-11-11
Clue,Defensive battle with few scoring opportunities,2023-06-30
Monopoly,Close match with a thrilling finish,2023-01-17
Risk,Exciting game with lots of action,2022-01-13
Clue,Defensive battle with few scoring opportunities,2022-04-10
Uno,Defensive battle with few scoring opportunities,2023-05-05
Scrabble,High-scoring game with lots of offense,2022-02-12
Clue,Defensive battle with few scoring opportunities,2022-11-18
Monopoly,Exciting game with lots of action,2022-12-15
Chess,Exciting game with lots of action,2023-09-06
Twister,Dominant performance by one team,2022-01-13
Catan,Dominant performance by one team,2022-10-17
Uno,Close match with a thrilling finish,2023-01-27
Catan,Defensive battle with few scoring opportunities,2023-08-20
Scrabble,Dominant performance by one team,2023-08-06
Monopoly,Close match with a thrilling finish,2022-02-16
Risk,Close match with a thrilling finish,2023-10-20
Risk,Close match with a thrilling finish,2022-10-21
Scrabble,Close match with a thrilling finish,2022-03-16
Catan,Defensive battle with few scoring opportunities,2022-12-23
Poker,High-scoring game with lots of offense,2023-02-23
Monopoly,Exciting game with lots of action,2023-03-26
Risk,Close match with a thrilling finish,2022-11-15
Chess,Exciting game with lots of action,2022-04-21
Risk,High-scoring game with lots of offense,2023-04-25
Chess,Defensive battle with few scoring opportunities,2022-01-01
Jenga,Defensive battle with few scoring opportunities,2022-07-09
Clue,Dominant performance by one team,2023-10-10
Scrabble,Exciting game with lots of action,2023-08-07
Chess,Exciting game with lots of action,2022-07-26
Scrabble,Dominant performance by one team,2023-09-04
Clue,High-scoring game with lots of offense,2022-06-15
Catan,Exciting game with lots of action,2023-06-04
Monopoly,Dominant performance by one team,2023-09-10
Jenga,High-scoring game with lots of offense,2023-08-09
Risk,Dominant performance by one team,2023-01-11
Uno,High-scoring game with lots of offense,2023-01-04
Chess,Dominant performance by one team,2022-12-23
Monopoly,Defensive battle with few scoring opportunities,2022-01-21
Poker,Close match with a thrilling finish,2022-03-02
Twister,High-scoring game with lots of offense,2023-10-17
Catan,Defensive battle with few scoring opportunities,2023-08-25
Chess,High-scoring game with lots of offense,2022-05-17
Uno,Defensive battle with few scoring opportunities,2023-08-07
Twister,Dominant performance by one team,2022-12-04
Scrabble,High-scoring game with lots of offense,2022-10-31
Catan,Defensive battle with few scoring opportunities,2023-01-25
Uno,Defensive battle with few scoring opportunities,2022-05-27
Catan,Close match with a thrilling finish,2023-08-11
Poker,Exciting game with lots of action,2023-06-03
Risk,High-scoring game with lots of offense,2023-02-03
Scrabble,Close match with a thrilling finish,2023-01-22
Monopoly,Close match with a thrilling finish,2022-07-10
Twister,Close match with a thrilling finish,2023-02-05
Risk,High-scoring game with lots of offense,2022-01-24
Uno,Close match with a thrilling finish,2022-10-25
Risk,Exciting game with lots of action,2022-07-23
Clue,High-scoring game with lots of offense,2023-06-08
Risk,Exciting game with lots of action,2023-07-04
Poker,Exciting game with lots of action,2023-05-06
Chess,Defensive battle with few scoring opportunities,2022-11-24
Risk,Exciting game with lots of action,2022-04-14
Monopoly,High-scoring game with lots of offense,2023-10-08
Catan,Defensive battle with few scoring opportunities,2022-07-03
Jenga,Exciting game with lots of action,2022-11-30
Catan,Close match with a thrilling finish,2023-05-06
Poker,High-scoring game with lots of offense,2022-08-09
Poker,Dominant performance by one team,2022-05-14
Poker,Dominant performance by one team,2022-10-13
Twister,High-scoring game with lots of offense,2022-08-17
Monopoly,Close match with a thrilling finish,2022-08-08
Monopoly,Dominant performance by one team,2023-04-13
Twister,High-scoring game with lots of offense,2022-04-18
Jenga,Dominant performance by one team,2022-01-01
Poker,Exciting game with lots of action,2022-02-20
Poker,Dominant performance by one team,2022-08-19
Uno,Defensive battle with few scoring opportunities,2022-09-13
Catan,Defensive battle with few scoring opportunities,2023-10-10
Twister,Defensive battle with few scoring opportunities,2023-08-17
Catan,Defensive battle with few scoring opportunities,2023-01-01
Scrabble,Dominant performance by one team,2022-06-21
Poker,High-scoring game with lots of offense,2023-02-07
Twister,Close match with a thrilling finish,2023-08-14
Catan,High-scoring game with lots of offense,2022-09-10
Chess,Defensive battle with few scoring opportunities,2022-02-19
Jenga,High-scoring game with lots of offense,2022-04-07
Scrabble,Exciting game with lots of action,2023-03-10
Twister,Exciting game with lots of action,2022-05-14
Uno,Defensive battle with few scoring opportunities,2023-06-05
Poker,High-scoring game with lots of offense,2023-09-25
Twister,Dominant performance by one team,2023-05-14
Jenga,Defensive battle with few scoring opportunities,2023-10-14
Clue,Defensive battle with few scoring opportunities,2023-01-16
Risk,Defensive battle with few scoring opportunities,2022-03-03
Twister,Defensive battle with few scoring opportunities,2022-08-15
Chess,High-scoring game with lots of offense,2023-05-23
Scrabble,Close match with a thrilling finish,2023-11-09
Risk,Dominant performance by one team,2022-04-30
Uno,Exciting game with lots of action,2022-04-27
Monopoly,Dominant performance by one team,2023-01-30
Clue,Close match with a thrilling finish,2023-07-12
Clue,Close match with a thrilling finish,2023-05-05
Poker,Close match with a thrilling finish,2022-02-04
Poker,Dominant performance by one team,2022-06-17
Clue,Dominant performance by one team,2023-05-06
Chess,Exciting game with lots of action,2023-10-06
Monopoly,Defensive battle with few scoring opportunities,2023-09-16
Catan,Dominant performance by one team,2021-12-06
Jenga,Exciting game with lots of action,2022-06-01
Jenga,Defensive battle with few scoring opportunities,2022-08-23
Chess,Exciting game with lots of action,2023-03-02
Uno,High-scoring game with lots of offense,2023-05-10
Scrabble,Exciting game with lots of action,2023-01-26
Uno,Dominant performance by one team,2023-07-12
Scrabble,Dominant performance by one team,2022-08-24
Catan,Defensive battle with few scoring opportunities,2023-11-14
Risk,Defensive battle with few scoring opportunities,2022-02-10
Clue,Dominant performance by one team,2022-12-17
Monopoly,Close match with a thrilling finish,2022-07-30
Chess,High-scoring game with lots of offense,2022-10-06
Uno,Defensive battle with few scoring opportunities,2022-01-10
Chess,High-scoring game with lots of offense,2022-10-23
Monopoly,Exciting game with lots of action,2023-06-12
Twister,Close match with a thrilling finish,2023-05-02
Monopoly,Defensive battle with few scoring opportunities,2023-11-27
Chess,Defensive battle with few scoring opportunities,2023-08-17
Risk,Exciting game with lots of action,2023-03-14
Uno,Exciting game with lots of action,2023-06-08
Uno,Dominant performance by one team,2022-12-02
Poker,High-scoring game with lots of offense,2022-08-11
Poker,Defensive battle with few scoring opportunities,2023-09-09
Scrabble,Defensive battle with few scoring opportunities,2022-08-15
Scrabble,Exciting game with lots of action,2023-08-06
Scrabble,Dominant performance by one team,2022-10-08
Twister,Exciting game with lots of action,2022-12-26
Twister,Dominant performance by one team,2022-03-26
Jenga,Defensive battle with few scoring opportunities,2022-06-03
Poker,Exciting game with lots of action,2023-09-26
Catan,Defensive battle with few scoring opportunities,2023-07-17
Scrabble,Close match with a thrilling finish,2022-03-04
Twister,Dominant performance by one team,2023-06-17
Uno,Dominant performance by one team,2023-11-09
Jenga,Exciting game with lots of action,2023-06-08
Jenga,Dominant performance by one team,2022-09-06
Jenga,Defensive battle with few scoring opportunities,2022-10-04
Twister,Close match with a thrilling finish,2023-10-16
Jenga,High-scoring game with lots of offense,2023-07-26
Catan,Exciting game with lots of action,2022-10-29
Catan,Defensive battle with few scoring opportunities,2022-06-11
Scrabble,High-scoring game with lots of offense,2023-01-21
Catan,Close match with a thrilling finish,2022-08-23
Catan,Dominant performance by one team,2022-04-07
Jenga,Exciting game with lots of action,2023-10-10
Poker,High-scoring game with lots of offense,2022-07-12
Risk,Close match with a thrilling finish,2022-04-30
Risk,Close match with a thrilling finish,2022-05-17
Uno,Close match with a thrilling finish,2022-12-07
Chess,Exciting game with lots of action,2023-02-16
Jenga,Close match with a thrilling finish,2021-12-16
Chess,Defensive battle with few scoring opportunities,2022-04-06
Risk,High-scoring game with lots of offense,2022-12-24
Chess,Defensive battle with few scoring opportunities,2022-04-05
Uno,Dominant performance by one team,2023-01-01
Poker,Exciting game with lots of action,2023-07-22
Monopoly,High-scoring game with lots of offense,2023-03-31
Scrabble,Defensive battle with few scoring opportunities,2022-01-31
Scrabble,Defensive battle with few scoring opportunities,2023-07-07
Scrabble,Close match with a thrilling finish,2022-04-23
Scrabble,High-scoring game with lots of offense,2022-10-14
Uno,Close match with a thrilling finish,2022-05-19
Uno,High-scoring game with lots of offense,2023-11-11
Twister,Close match with a thrilling finish,2022-01-06
Monopoly,High-scoring game with lots of offense,2023-07-30
Monopoly,High-scoring game with lots of offense,2023-01-08
Catan,High-scoring game with lots of offense,2021-12-02
Clue,Exciting game with lots of action,2023-01-26
Clue,High-scoring game with lots of offense,2023-07-22
Scrabble,High-scoring game with lots of offense,2021-12-06
Chess,Exciting game with lots of action,2023-02-14
Chess,Exciting game with lots of action,2023-03-10
Monopoly,Close match with a thrilling finish,2023-08-29
Poker,High-scoring game with lots of offense,2022-01-26
Catan,Defensive battle with few scoring opportunities,2022-06-27
Chess,Dominant performance by one team,2023-02-13
Clue,High-scoring game with lots of offense,2022-05-16
Clue,Dominant performance by one team,2022-08-28
Risk,Defensive battle with few scoring opportunities,2023-08-04
Poker,Defensive battle with few scoring opportunities,2023-09-22
Scrabble,Close match with a thrilling finish,2023-08-21
Monopoly,Defensive battle with few scoring opportunities,2023-08-17
Monopoly,High-scoring game with lots of offense,2023-10-15
Scrabble,High-scoring game with lots of offense,2023-04-17
Monopoly,Exciting game with lots of action,2022-04-02
Uno,Exciting game with lots of action,2023-11-23
Catan,Dominant performance by one team,2023-07-07
Poker,High-scoring game with lots of offense,2023-06-19
Monopoly,Defensive battle with few scoring opportunities,2022-01-04
Twister,Defensive battle with few scoring opportunities,2023-11-09
Scrabble,Close match with a thrilling finish,2022-02-08
Uno,High-scoring game with lots of offense,2022-06-06
Catan,High-scoring game with lots of offense,2023-10-23
Chess,Dominant performance by one team,2022-11-25
Scrabble,Dominant performance by one team,2022-04-14
Poker,High-scoring game with lots of offense,2023-01-09
Chess,Close match with a thrilling finish,2022-05-30
Clue,Close match with a thrilling finish,2023-01-22
Scrabble,Close match with a thrilling finish,2022-03-02
Scrabble,Exciting game with lots of action,2022-11-08
Catan,High-scoring game with lots of offense,2023-06-29
Chess,Exciting game with lots of action,2023-07-20
Risk,Dominant performance by one team,2022-04-22
Poker,Close match with a thrilling finish,2023-05-02
Risk,High-scoring game with lots of offense,2022-12-01
Chess,Close match with a thrilling finish,2022-09-14
Twister,Close match with a thrilling finish,2023-11-22
Scrabble,High-scoring game with lots of offense,2023-04-22
Poker,Defensive battle with few scoring opportunities,2022-06-16
Uno,Exciting game with lots of action,2022-05-06
Monopoly,Exciting game with lots of action,2022-11-26
Catan,Defensive battle with few scoring opportunities,2022-03-19
Uno,Dominant performance by one team,2023-04-15
Clue,Defensive battle with few scoring opportunities,2022-03-30
Jenga,High-scoring game with lots of offense,2022-07-19
Twister,Close match with a thrilling finish,2023-09-12
Risk,Exciting game with lots of action,2022-09-02
Poker,Exciting game with lots of action,2023-08-03
Jenga,Close match with a thrilling finish,2022-12-12
Jenga,Close match with a thrilling finish,2023-06-16
Uno,Dominant performance by one team,2023-11-16
Risk,Dominant performance by one team,2023-04-09
Poker,High-scoring game with lots of offense,2022-02-13
Clue,High-scoring game with lots of offense,2023-03-27
Poker,Dominant performance by one team,2023-02-18
Chess,Dominant performance by one team,2022-03-03
Jenga,Defensive battle with few scoring opportunities,2023-04-11
Monopoly,Close match with a thrilling finish,2022-03-23
Scrabble,Exciting game with lots of action,2022-04-14
Uno,Defensive battle with few scoring opportunities,2023-06-12
Risk,Exciting game with lots of action,2022-10-21
Clue,Defensive battle with few scoring opportunities,2023-01-09
Twister,Exciting game with lots of action,2023-04-12
Poker,Exciting game with lots of action,2023-05-25
Catan,Defensive battle with few scoring opportunities,2023-09-24
Jenga,Dominant performance by one team,2022-11-08
Clue,Dominant performance by one team,2023-03-22
Clue,High-scoring game with lots of offense,2021-12-03
Scrabble,Defensive battle with few scoring opportunities,2023-11-10
Poker,Dominant performance by one team,2022-04-21
Scrabble,High-scoring game with lots of offense,2022-12-18
Risk,Close match with a thrilling finish,2022-01-31
Uno,Dominant performance by one team,2023-09-13
Uno,High-scoring game with lots of offense,2023-08-20
Uno,Close match with a thrilling finish,2022-10-18
Catan,Dominant performance by one team,2023-01-25
Jenga,Dominant performance by one team,2023-01-01
Jenga,Exciting game with lots of action,2023-07-29
Scrabble,Exciting game with lots of action,2023-03-16
Scrabble,Exciting game with lots of action,2023-02-22
Risk,Dominant performance by one team,2023-03-23
Clue,High-scoring game with lots of offense,2022-05-27
Jenga,Defensive battle with few scoring opportunities,2023-08-23
Uno,High-scoring game with lots of offense,2023-05-15
Clue,Close match with a thrilling finish,2023-09-13
Poker,Dominant performance by one team,2022-10-24
Chess,High-scoring game with lots of offense,2023-06-25
Catan,Close match with a thrilling finish,2023-10-27
Chess,Defensive battle with few scoring opportunities,2022-01-22
Poker,Exciting game with lots of action,2023-11-06
Jenga,Exciting game with lots of action,2022-09-23
